{
    "Price-CAT": {
        "Rates": [
            0.04614, 
            0.063245, 
            0.086692, 
            0.118831, 
            0.162884, 
            0.22327, 
            0.306041, 
            0.419499, 
            0.575018, 
            0.788191, 
            1.080394, 
            1.480924, 
            2.02994, 
            2.78249, 
            3.814031, 
            5.22799, 
            7.16614, 
            9.822812, 
            13.464379, 
            18.455969
        ], 
        "SiteCategories": [
            8, 
            10, 
            10, 
            10, 
            13, 
            12, 
            13, 
            12, 
            11, 
            13, 
            12, 
            14, 
            18, 
            14, 
            13, 
            11, 
            14, 
            11, 
            9, 
            8, 
            10, 
            8, 
            8, 
            11, 
            7, 
            12, 
            10, 
            12, 
            10, 
            5, 
            8, 
            8, 
            7, 
            8, 
            9, 
            8, 
            7, 
            6, 
            5, 
            9, 
            8, 
            10, 
            2, 
            8, 
            9, 
            10, 
            11, 
            6, 
            1, 
            11, 
            5, 
            7, 
            5, 
            9, 
            8, 
            13, 
            11, 
            10, 
            6, 
            9, 
            5, 
            8, 
            8, 
            11, 
            11, 
            13, 
            11, 
            10, 
            13, 
            12, 
            11, 
            9, 
            9, 
            9, 
            9, 
            10, 
            11, 
            10, 
            10, 
            6, 
            14, 
            13, 
            5, 
            5, 
            4, 
            9, 
            14, 
            8, 
            7, 
            12, 
            12, 
            11, 
            10, 
            10, 
            13, 
            12, 
            10, 
            12, 
            11, 
            10, 
            11, 
            14, 
            8, 
            13, 
            8, 
            12, 
            8, 
            12, 
            12, 
            9, 
            6, 
            9, 
            9, 
            8, 
            4, 
            7, 
            5, 
            8, 
            9, 
            1, 
            10, 
            12, 
            7, 
            6, 
            10, 
            12, 
            8, 
            4, 
            9, 
            11, 
            1, 
            9, 
            1, 
            3, 
            7, 
            6, 
            6, 
            1, 
            1, 
            5, 
            4, 
            5, 
            5, 
            12, 
            11, 
            11, 
            11, 
            9, 
            10, 
            13, 
            13, 
            7, 
            9, 
            14, 
            10, 
            9, 
            6, 
            10, 
            4, 
            8, 
            9, 
            9, 
            9, 
            7, 
            9, 
            5, 
            8, 
            11, 
            9, 
            8, 
            11, 
            6, 
            11, 
            12, 
            11, 
            2, 
            8, 
            13, 
            9, 
            4, 
            15, 
            15, 
            15, 
            13, 
            10, 
            15, 
            13, 
            1, 
            12, 
            15, 
            11, 
            11, 
            14, 
            14, 
            10, 
            12, 
            14, 
            11, 
            11, 
            12, 
            12, 
            11, 
            7, 
            6, 
            13, 
            13, 
            9, 
            13, 
            12, 
            11, 
            13, 
            13, 
            13, 
            9, 
            10, 
            5, 
            6, 
            7, 
            9, 
            9
        ], 
        "n_cats": 20
    }, 
    "empirical_frequencies": false, 
    "datatype": "AA", 
    "subs_model": "JTT", 
    "program": "FastTree Version 2.1.7 SSE3, OpenMP (16 threads)", 
    "ras_model": "Price-CAT"
}