{
    "Price-CAT": {
        "Rates": [
            0.045178, 
            0.061927, 
            0.084885, 
            0.116353, 
            0.159489, 
            0.218615, 
            0.299661, 
            0.410754, 
            0.56303, 
            0.77176, 
            1.057871, 
            1.450052, 
            1.987623, 
            2.724485, 
            3.734522, 
            5.119005, 
            7.016751, 
            9.61804, 
            13.183695, 
            18.071226
        ], 
        "SiteCategories": [
            7, 
            9, 
            10, 
            10, 
            13, 
            12, 
            13, 
            12, 
            12, 
            13, 
            12, 
            14, 
            18, 
            14, 
            13, 
            11, 
            14, 
            11, 
            9, 
            7, 
            10, 
            8, 
            8, 
            11, 
            8, 
            12, 
            10, 
            12, 
            10, 
            6, 
            8, 
            9, 
            6, 
            9, 
            9, 
            9, 
            7, 
            7, 
            5, 
            9, 
            8, 
            10, 
            3, 
            8, 
            9, 
            10, 
            11, 
            5, 
            1, 
            11, 
            5, 
            7, 
            5, 
            12, 
            8, 
            13, 
            11, 
            11, 
            6, 
            9, 
            5, 
            9, 
            8, 
            11, 
            11, 
            13, 
            12, 
            10, 
            13, 
            12, 
            11, 
            10, 
            9, 
            7, 
            10, 
            12, 
            10, 
            11, 
            10, 
            6, 
            14, 
            13, 
            6, 
            6, 
            4, 
            9, 
            14, 
            8, 
            7, 
            12, 
            12, 
            11, 
            11, 
            10, 
            13, 
            12, 
            10, 
            11, 
            11, 
            10, 
            11, 
            14, 
            8, 
            13, 
            9, 
            12, 
            9, 
            12, 
            12, 
            9, 
            6, 
            9, 
            9, 
            9, 
            5, 
            7, 
            5, 
            9, 
            9, 
            1, 
            10, 
            12, 
            7, 
            6, 
            10, 
            12, 
            8, 
            4, 
            9, 
            11, 
            1, 
            8, 
            1, 
            4, 
            7, 
            5, 
            6, 
            1, 
            1, 
            5, 
            4, 
            5, 
            6, 
            12, 
            11, 
            11, 
            11, 
            10, 
            10, 
            13, 
            13, 
            7, 
            9, 
            15, 
            10, 
            10, 
            7, 
            10, 
            4, 
            8, 
            9, 
            9, 
            9, 
            7, 
            9, 
            5, 
            8, 
            12, 
            9, 
            8, 
            11, 
            7, 
            11, 
            12, 
            11, 
            2, 
            8, 
            13, 
            8, 
            3, 
            15, 
            15, 
            15, 
            13, 
            10, 
            15, 
            13, 
            1, 
            12, 
            15, 
            11, 
            11, 
            14, 
            14, 
            10, 
            11, 
            14, 
            11, 
            11, 
            13, 
            12, 
            11, 
            7, 
            6, 
            13, 
            12, 
            9, 
            13, 
            12, 
            10, 
            13, 
            12, 
            13, 
            10, 
            10, 
            5, 
            5, 
            7, 
            9, 
            10
        ], 
        "n_cats": 20
    }, 
    "empirical_frequencies": false, 
    "datatype": "AA", 
    "subs_model": "JTT", 
    "program": "FastTree Version 2.1.7 SSE3, OpenMP (16 threads)", 
    "ras_model": "Price-CAT"
}