{
    "Price-CAT": {
        "Rates": [
            0.048952, 
            0.0671, 
            0.091975, 
            0.126073, 
            0.172811, 
            0.236877, 
            0.324693, 
            0.445065, 
            0.610063, 
            0.836228, 
            1.14624, 
            1.57118, 
            2.153657, 
            2.952072, 
            4.046482, 
            5.546616, 
            7.602888, 
            10.421474, 
            14.284981, 
            19.58079
        ], 
        "SiteCategories": [
            8, 
            11, 
            5, 
            12, 
            11, 
            10, 
            10, 
            13, 
            11, 
            9, 
            11, 
            14, 
            10, 
            13, 
            13, 
            12, 
            13, 
            10, 
            13, 
            14, 
            11, 
            11, 
            11, 
            13, 
            6, 
            11, 
            10, 
            14, 
            7, 
            4, 
            13, 
            12, 
            11, 
            12, 
            11, 
            12, 
            7, 
            11, 
            12, 
            10, 
            3, 
            5, 
            5, 
            10, 
            8, 
            9, 
            2, 
            5, 
            13, 
            10, 
            4, 
            6, 
            8, 
            6, 
            4, 
            9, 
            4, 
            12, 
            11, 
            10, 
            11, 
            4, 
            9, 
            10, 
            8, 
            9, 
            9, 
            4, 
            11, 
            12, 
            10, 
            10, 
            12, 
            6, 
            10, 
            13, 
            11, 
            8, 
            4, 
            9, 
            9, 
            9, 
            10, 
            10, 
            10, 
            9, 
            7, 
            11, 
            11, 
            11, 
            13, 
            10, 
            12, 
            12, 
            8, 
            9, 
            11, 
            9, 
            10, 
            8, 
            7, 
            6, 
            8, 
            7, 
            8, 
            11, 
            10, 
            11, 
            13, 
            10, 
            6, 
            11, 
            8, 
            7, 
            7, 
            8, 
            3, 
            4, 
            11, 
            6, 
            10, 
            10, 
            4, 
            6, 
            13, 
            12, 
            9, 
            12, 
            12, 
            3, 
            9, 
            6, 
            10, 
            9, 
            2, 
            10, 
            13, 
            10, 
            9, 
            11, 
            8, 
            14, 
            12, 
            4, 
            13, 
            13, 
            11, 
            13, 
            11, 
            10, 
            13, 
            15, 
            13, 
            14, 
            12, 
            13, 
            11, 
            3, 
            11, 
            13, 
            3, 
            5, 
            11, 
            4, 
            8, 
            6, 
            8, 
            12, 
            10, 
            12, 
            4, 
            5, 
            10, 
            13, 
            13, 
            10, 
            6, 
            12, 
            9, 
            10, 
            9, 
            10, 
            12, 
            7, 
            6, 
            7, 
            13, 
            12, 
            10, 
            11, 
            14, 
            8
        ], 
        "n_cats": 20
    }, 
    "empirical_frequencies": false, 
    "datatype": "AA", 
    "subs_model": "JTT", 
    "program": "FastTree Version 2.1.7 SSE3, OpenMP (16 threads)", 
    "ras_model": "Price-CAT"
}