{
    "Price-CAT": {
        "Rates": [
            0.052217, 
            0.071575, 
            0.09811, 
            0.134482, 
            0.184338, 
            0.252677, 
            0.346351, 
            0.474752, 
            0.650755, 
            0.892006, 
            1.222696, 
            1.675981, 
            2.29731, 
            3.148981, 
            4.316389, 
            5.916584, 
            8.110014, 
            11.116605, 
            15.237815, 
            20.886862
        ], 
        "SiteCategories": [
            7, 
            9, 
            9, 
            7, 
            10, 
            8, 
            10, 
            10, 
            6, 
            10, 
            6, 
            4, 
            9, 
            9, 
            10, 
            6, 
            11, 
            11, 
            12, 
            8, 
            8, 
            13, 
            8, 
            5, 
            5, 
            6, 
            4, 
            8, 
            5, 
            10, 
            8, 
            8, 
            12, 
            11, 
            11, 
            11, 
            12, 
            10, 
            9, 
            8, 
            9, 
            5, 
            7, 
            13, 
            12, 
            12, 
            11, 
            10, 
            10, 
            12, 
            11, 
            11, 
            13, 
            12, 
            12, 
            13, 
            13, 
            13, 
            13, 
            9, 
            9, 
            11, 
            11, 
            10, 
            10, 
            10, 
            7, 
            6, 
            6, 
            9, 
            11, 
            9, 
            9, 
            7, 
            6, 
            11, 
            11, 
            4, 
            6, 
            9, 
            13, 
            10, 
            10, 
            13, 
            11, 
            11, 
            11, 
            7, 
            12, 
            11, 
            11, 
            9, 
            7, 
            5, 
            10, 
            9, 
            10, 
            12, 
            9, 
            12, 
            10, 
            11, 
            11, 
            12, 
            11, 
            13, 
            12, 
            12, 
            9, 
            6, 
            8, 
            8, 
            9, 
            10, 
            11, 
            11, 
            5, 
            11, 
            6, 
            6, 
            6, 
            4, 
            7, 
            7, 
            8, 
            8, 
            6, 
            5, 
            10, 
            10, 
            5, 
            6, 
            8, 
            11, 
            9, 
            4, 
            10, 
            6, 
            10, 
            12, 
            8, 
            4, 
            6, 
            9, 
            14, 
            6, 
            6, 
            10, 
            11, 
            5, 
            12, 
            11, 
            8, 
            14, 
            9, 
            11, 
            5, 
            14, 
            12, 
            10, 
            14, 
            13, 
            11, 
            11, 
            12, 
            9, 
            12, 
            13, 
            14, 
            13, 
            9, 
            6, 
            10, 
            11, 
            10, 
            11, 
            12, 
            11, 
            12, 
            11, 
            8, 
            11, 
            12, 
            11, 
            11, 
            12, 
            9, 
            14, 
            7, 
            8, 
            6, 
            4, 
            11, 
            8, 
            5, 
            7, 
            11, 
            6, 
            7, 
            10, 
            12, 
            10, 
            6, 
            12, 
            11, 
            8, 
            9, 
            12, 
            11, 
            8, 
            10, 
            11, 
            9, 
            6, 
            6, 
            9, 
            11, 
            8, 
            10, 
            14, 
            10, 
            13, 
            9, 
            11, 
            10, 
            10, 
            8, 
            8, 
            9, 
            9, 
            5, 
            6, 
            11, 
            11, 
            10, 
            13, 
            4, 
            9, 
            13, 
            7, 
            10, 
            12, 
            9, 
            4, 
            5, 
            8, 
            10, 
            5, 
            5, 
            12, 
            12, 
            7, 
            13, 
            8, 
            13, 
            5, 
            11, 
            8, 
            5, 
            11, 
            13, 
            13, 
            6, 
            15, 
            13, 
            11, 
            12, 
            7, 
            13, 
            14, 
            7, 
            11, 
            12, 
            8, 
            9, 
            9
        ], 
        "n_cats": 20
    }, 
    "empirical_frequencies": false, 
    "datatype": "AA", 
    "subs_model": "JTT", 
    "program": "FastTree Version 2.1.7 SSE3", 
    "ras_model": "Price-CAT"
}