{
    "Price-CAT": {
        "Rates": [
            0.046837, 
            0.064201, 
            0.088002, 
            0.120626, 
            0.165345, 
            0.226643, 
            0.310665, 
            0.425837, 
            0.583705, 
            0.8001, 
            1.096717, 
            1.503298, 
            2.060609, 
            2.82453, 
            3.871655, 
            5.306977, 
            7.27441, 
            9.97122, 
            13.667807, 
            18.734812
        ], 
        "SiteCategories": [
            1, 
            10, 
            9, 
            8, 
            6, 
            13, 
            4, 
            8, 
            12, 
            12, 
            8, 
            10, 
            9, 
            11, 
            11, 
            12, 
            13, 
            6, 
            15, 
            9, 
            14, 
            10, 
            9, 
            12, 
            15, 
            11, 
            13, 
            9, 
            6, 
            14, 
            14, 
            10, 
            9, 
            10, 
            10, 
            15, 
            12, 
            13, 
            13, 
            10, 
            12, 
            8, 
            10, 
            8, 
            4, 
            3, 
            1, 
            9, 
            8, 
            1, 
            10, 
            8, 
            10, 
            9, 
            3, 
            13, 
            11, 
            11, 
            7, 
            11, 
            8, 
            11, 
            10, 
            11, 
            6, 
            8, 
            11, 
            7, 
            1, 
            7, 
            10, 
            8, 
            11, 
            7, 
            12, 
            6, 
            7, 
            9, 
            6, 
            7, 
            2, 
            5, 
            1, 
            8, 
            1, 
            1, 
            2, 
            12, 
            10, 
            9, 
            13, 
            10, 
            9, 
            9, 
            10, 
            9, 
            11, 
            10, 
            7, 
            10, 
            12, 
            12, 
            9, 
            5, 
            13, 
            13, 
            10, 
            14, 
            9, 
            15, 
            13, 
            15, 
            15, 
            5, 
            13, 
            11, 
            4, 
            11, 
            12, 
            8, 
            6, 
            12, 
            11, 
            1, 
            8, 
            6, 
            12, 
            12, 
            10, 
            11, 
            11, 
            11, 
            11
        ], 
        "n_cats": 20
    }, 
    "empirical_frequencies": false, 
    "datatype": "AA", 
    "subs_model": "JTT", 
    "program": "FastTree Version 2.1.7 SSE3, OpenMP (16 threads)", 
    "ras_model": "Price-CAT"
}