{
    "Price-CAT": {
        "Rates": [
            0.047422, 
            0.065003, 
            0.089101, 
            0.122133, 
            0.167411, 
            0.229475, 
            0.314547, 
            0.431157, 
            0.590999, 
            0.810097, 
            1.110421, 
            1.522082, 
            2.086357, 
            2.859822, 
            3.920032, 
            5.373288, 
            7.365303, 
            10.09581, 
            13.838586, 
            18.968903
        ], 
        "SiteCategories": [
            1, 
            9, 
            9, 
            9, 
            6, 
            13, 
            4, 
            8, 
            13, 
            12, 
            8, 
            10, 
            9, 
            11, 
            11, 
            12, 
            13, 
            6, 
            15, 
            9, 
            13, 
            10, 
            9, 
            12, 
            15, 
            11, 
            13, 
            9, 
            5, 
            13, 
            14, 
            10, 
            9, 
            10, 
            10, 
            14, 
            12, 
            13, 
            13, 
            10, 
            12, 
            9, 
            10, 
            8, 
            4, 
            5, 
            1, 
            8, 
            8, 
            1, 
            10, 
            8, 
            10, 
            9, 
            4, 
            13, 
            11, 
            11, 
            7, 
            11, 
            8, 
            11, 
            10, 
            11, 
            6, 
            8, 
            11, 
            7, 
            1, 
            7, 
            10, 
            9, 
            11, 
            6, 
            12, 
            6, 
            8, 
            9, 
            6, 
            7, 
            2, 
            4, 
            1, 
            8, 
            1, 
            1, 
            2, 
            12, 
            10, 
            10, 
            13, 
            10, 
            9, 
            9, 
            9, 
            9, 
            11, 
            10, 
            7, 
            10, 
            12, 
            12, 
            9, 
            4, 
            12, 
            13, 
            10, 
            14, 
            9, 
            15, 
            13, 
            15, 
            15, 
            5, 
            13, 
            11, 
            5, 
            11, 
            12, 
            9, 
            6, 
            12, 
            11, 
            1, 
            8, 
            7, 
            12, 
            13, 
            10, 
            11, 
            11, 
            11, 
            11
        ], 
        "n_cats": 20
    }, 
    "empirical_frequencies": false, 
    "datatype": "AA", 
    "subs_model": "JTT", 
    "program": "FastTree Version 2.1.7 SSE3, OpenMP (16 threads)", 
    "ras_model": "Price-CAT"
}