{
    "Price-CAT": {
        "Rates": [
            0.045838, 
            0.062831, 
            0.086125, 
            0.118053, 
            0.161819, 
            0.221809, 
            0.304039, 
            0.416754, 
            0.571256, 
            0.783035, 
            1.073326, 
            1.471236, 
            2.01666, 
            2.764288, 
            3.78908, 
            5.193789, 
            7.119259, 
            9.758552, 
            13.376297, 
            18.335232
        ], 
        "SiteCategories": [
            1, 
            8, 
            7, 
            7, 
            3, 
            8, 
            7, 
            6, 
            6, 
            8, 
            5, 
            1, 
            7, 
            11, 
            13, 
            9, 
            12, 
            9, 
            13, 
            13, 
            8, 
            13, 
            11, 
            7, 
            11, 
            2, 
            11, 
            13, 
            7, 
            13, 
            11, 
            9, 
            8, 
            13, 
            8, 
            7, 
            12, 
            13, 
            8, 
            6, 
            10, 
            9, 
            13, 
            12, 
            13, 
            13, 
            13, 
            14, 
            14, 
            13, 
            15, 
            13, 
            12, 
            13, 
            13, 
            14, 
            10, 
            12, 
            11, 
            13, 
            6, 
            7, 
            7, 
            12, 
            14, 
            13, 
            11, 
            13, 
            11, 
            9, 
            7, 
            12, 
            12, 
            11, 
            12, 
            6, 
            10, 
            1, 
            10, 
            5, 
            6, 
            8, 
            2, 
            11, 
            6, 
            11, 
            13, 
            12, 
            14, 
            13, 
            11, 
            8, 
            12, 
            7, 
            11, 
            9, 
            6, 
            9, 
            1, 
            11, 
            9, 
            8, 
            11, 
            3, 
            1, 
            7, 
            13, 
            1, 
            10, 
            10, 
            7, 
            7, 
            11, 
            12, 
            1, 
            10, 
            13, 
            14, 
            11, 
            11, 
            1, 
            1, 
            3, 
            9, 
            11, 
            7, 
            11, 
            9, 
            7
        ], 
        "n_cats": 20
    }, 
    "empirical_frequencies": false, 
    "datatype": "AA", 
    "subs_model": "JTT", 
    "program": "FastTree Version 2.1.7 SSE3, OpenMP (16 threads)", 
    "ras_model": "Price-CAT"
}