{
    "Price-CAT": {
        "Rates": [
            0.046606, 
            0.063884, 
            0.087568, 
            0.120031, 
            0.16453, 
            0.225525, 
            0.309133, 
            0.423737, 
            0.580827, 
            0.796154, 
            1.091308, 
            1.495884, 
            2.050447, 
            2.8106, 
            3.852562, 
            5.280805, 
            7.238535, 
            9.922046, 
            13.600402, 
            18.64242
        ], 
        "SiteCategories": [
            1, 
            8, 
            7, 
            7, 
            3, 
            8, 
            7, 
            5, 
            5, 
            8, 
            5, 
            1, 
            7, 
            10, 
            13, 
            9, 
            13, 
            9, 
            13, 
            13, 
            8, 
            13, 
            11, 
            7, 
            11, 
            1, 
            11, 
            13, 
            7, 
            13, 
            12, 
            9, 
            8, 
            13, 
            8, 
            6, 
            12, 
            13, 
            7, 
            3, 
            10, 
            8, 
            13, 
            12, 
            13, 
            13, 
            13, 
            14, 
            14, 
            13, 
            14, 
            13, 
            12, 
            13, 
            13, 
            14, 
            10, 
            12, 
            11, 
            13, 
            6, 
            6, 
            7, 
            11, 
            14, 
            13, 
            11, 
            13, 
            11, 
            9, 
            6, 
            12, 
            12, 
            11, 
            12, 
            6, 
            10, 
            1, 
            10, 
            5, 
            7, 
            8, 
            1, 
            11, 
            6, 
            11, 
            12, 
            12, 
            14, 
            13, 
            11, 
            7, 
            12, 
            7, 
            10, 
            9, 
            5, 
            8, 
            1, 
            10, 
            8, 
            8, 
            11, 
            3, 
            1, 
            7, 
            13, 
            1, 
            10, 
            10, 
            8, 
            7, 
            11, 
            12, 
            1, 
            10, 
            14, 
            14, 
            11, 
            11, 
            1, 
            1, 
            3, 
            9, 
            11, 
            7, 
            11, 
            9, 
            8
        ], 
        "n_cats": 20
    }, 
    "empirical_frequencies": false, 
    "datatype": "AA", 
    "subs_model": "JTT", 
    "program": "FastTree Version 2.1.7 SSE3, OpenMP (16 threads)", 
    "ras_model": "Price-CAT"
}