{
    "Price-CAT": {
        "Rates": [
            0.048039, 
            0.065848, 
            0.09026, 
            0.123721, 
            0.169588, 
            0.232459, 
            0.318637, 
            0.436764, 
            0.598684, 
            0.820631, 
            1.12486, 
            1.541874, 
            2.113487, 
            2.89701, 
            3.971006, 
            5.44316, 
            7.461079, 
            10.227092, 
            14.018538, 
            19.215567
        ], 
        "SiteCategories": [
            1, 
            12, 
            11, 
            10, 
            3, 
            3, 
            13, 
            11, 
            12, 
            10, 
            8, 
            1, 
            3, 
            10, 
            7, 
            10, 
            12, 
            10, 
            3, 
            13, 
            11, 
            6, 
            7, 
            1, 
            1, 
            10, 
            6, 
            11, 
            12, 
            12, 
            6, 
            6, 
            9, 
            11, 
            4, 
            11, 
            2, 
            4, 
            11, 
            6, 
            10, 
            10, 
            11, 
            1, 
            6, 
            13, 
            9, 
            11, 
            13, 
            10, 
            7, 
            5, 
            13, 
            6, 
            13, 
            14, 
            13, 
            8, 
            14, 
            8, 
            12, 
            11, 
            8, 
            8, 
            10, 
            12, 
            10, 
            7, 
            7, 
            10, 
            10, 
            13, 
            12, 
            12, 
            10, 
            14, 
            13, 
            11, 
            12, 
            14, 
            12, 
            12, 
            7, 
            11, 
            12, 
            10, 
            12, 
            11, 
            13, 
            6, 
            8, 
            11, 
            6, 
            1, 
            9, 
            4, 
            10, 
            9, 
            12, 
            8, 
            8, 
            10, 
            13, 
            10, 
            13, 
            12, 
            7, 
            7, 
            10, 
            8, 
            9, 
            12, 
            8, 
            14, 
            13, 
            6, 
            12, 
            8, 
            14, 
            7, 
            5, 
            12, 
            6, 
            13, 
            14, 
            11, 
            11, 
            9
        ], 
        "n_cats": 20
    }, 
    "empirical_frequencies": false, 
    "datatype": "AA", 
    "subs_model": "JTT", 
    "program": "FastTree Version 2.1.7 SSE3, OpenMP (16 threads)", 
    "ras_model": "Price-CAT"
}