{
    "Price-CAT": {
        "Rates": [
            0.047706, 
            0.065392, 
            0.089635, 
            0.122865, 
            0.168414, 
            0.230849, 
            0.316431, 
            0.43374, 
            0.594538, 
            0.814948, 
            1.117071, 
            1.531197, 
            2.098852, 
            2.87695, 
            3.943509, 
            5.405468, 
            7.409413, 
            10.156273, 
            13.921464, 
            19.082506
        ], 
        "SiteCategories": [
            1, 
            12, 
            11, 
            9, 
            3, 
            3, 
            13, 
            11, 
            11, 
            10, 
            8, 
            1, 
            3, 
            10, 
            8, 
            11, 
            12, 
            11, 
            2, 
            13, 
            11, 
            7, 
            6, 
            1, 
            1, 
            10, 
            6, 
            11, 
            12, 
            12, 
            6, 
            5, 
            9, 
            11, 
            4, 
            11, 
            1, 
            4, 
            11, 
            7, 
            10, 
            10, 
            11, 
            1, 
            6, 
            13, 
            8, 
            11, 
            13, 
            10, 
            7, 
            4, 
            13, 
            6, 
            13, 
            15, 
            13, 
            8, 
            14, 
            8, 
            12, 
            11, 
            7, 
            8, 
            10, 
            12, 
            10, 
            6, 
            7, 
            10, 
            10, 
            13, 
            12, 
            12, 
            10, 
            14, 
            13, 
            11, 
            12, 
            14, 
            12, 
            12, 
            7, 
            11, 
            12, 
            10, 
            12, 
            11, 
            13, 
            6, 
            9, 
            11, 
            6, 
            1, 
            9, 
            4, 
            10, 
            9, 
            12, 
            8, 
            8, 
            10, 
            13, 
            10, 
            13, 
            12, 
            7, 
            7, 
            10, 
            8, 
            9, 
            12, 
            8, 
            14, 
            13, 
            6, 
            12, 
            8, 
            14, 
            7, 
            5, 
            12, 
            6, 
            13, 
            14, 
            11, 
            11, 
            9
        ], 
        "n_cats": 20
    }, 
    "empirical_frequencies": false, 
    "datatype": "AA", 
    "subs_model": "JTT", 
    "program": "FastTree Version 2.1.7 SSE3, OpenMP (16 threads)", 
    "ras_model": "Price-CAT"
}