{
    "Price-CAT": {
        "Rates": [
            0.045973, 
            0.063016, 
            0.086377, 
            0.1184, 
            0.162294, 
            0.22246, 
            0.304932, 
            0.417978, 
            0.572933, 
            0.785334, 
            1.076477, 
            1.475554, 
            2.02258, 
            2.772402, 
            3.800203, 
            5.209035, 
            7.140158, 
            9.787197, 
            13.415562, 
            18.389053
        ], 
        "SiteCategories": [
            9, 
            12, 
            7, 
            11, 
            11, 
            14, 
            11, 
            6, 
            12, 
            11, 
            12, 
            11, 
            7, 
            12, 
            10, 
            9, 
            10, 
            8, 
            9, 
            8, 
            8, 
            11, 
            9, 
            9, 
            11, 
            7, 
            9, 
            11, 
            4, 
            9, 
            6, 
            7, 
            8, 
            10, 
            9, 
            7, 
            10, 
            4, 
            11, 
            11, 
            7, 
            11, 
            6, 
            7, 
            7, 
            11, 
            2, 
            8, 
            10, 
            9, 
            1, 
            1, 
            3, 
            5, 
            1, 
            8, 
            1, 
            1, 
            8, 
            3, 
            7, 
            11, 
            8, 
            8, 
            7, 
            10, 
            10, 
            10, 
            9, 
            1, 
            6, 
            11, 
            9, 
            6, 
            5, 
            5, 
            11, 
            9, 
            12, 
            7, 
            10, 
            9, 
            12, 
            11, 
            11, 
            10, 
            6, 
            9, 
            7, 
            9, 
            9, 
            11, 
            10, 
            3, 
            10, 
            11, 
            8, 
            6, 
            9, 
            8, 
            11, 
            7, 
            11, 
            13, 
            13, 
            13, 
            12, 
            11, 
            13, 
            10, 
            11, 
            11, 
            14, 
            12, 
            15, 
            14, 
            13, 
            14, 
            13, 
            11, 
            8, 
            3, 
            9, 
            14, 
            11, 
            13, 
            14, 
            12, 
            11, 
            14, 
            13, 
            12, 
            13, 
            13, 
            14, 
            14, 
            14, 
            10, 
            11, 
            7, 
            11, 
            9, 
            12, 
            13, 
            14, 
            14, 
            11, 
            14, 
            12, 
            11, 
            13, 
            11, 
            6, 
            10, 
            9, 
            1, 
            11, 
            13, 
            13, 
            10, 
            12, 
            11, 
            12, 
            12, 
            11, 
            13, 
            11, 
            10, 
            7, 
            8, 
            10, 
            9, 
            9, 
            10, 
            12, 
            11, 
            12, 
            12, 
            10, 
            11, 
            12, 
            9, 
            12, 
            13, 
            8, 
            11, 
            13, 
            12, 
            10, 
            10, 
            9, 
            4
        ], 
        "n_cats": 20
    }, 
    "empirical_frequencies": false, 
    "datatype": "AA", 
    "subs_model": "JTT", 
    "program": "FastTree Version 2.1.7 SSE3, OpenMP (16 threads)", 
    "ras_model": "Price-CAT"
}