{
    "Price-CAT": {
        "Rates": [
            0.045842, 
            0.062837, 
            0.086133, 
            0.118064, 
            0.161834, 
            0.22183, 
            0.304068, 
            0.416794, 
            0.57131, 
            0.783109, 
            1.073428, 
            1.471375, 
            2.016852, 
            2.76455, 
            3.78944, 
            5.194282, 
            7.119935, 
            9.759478, 
            13.377566, 
            18.336971
        ], 
        "SiteCategories": [
            10, 
            13, 
            7, 
            11, 
            11, 
            14, 
            11, 
            6, 
            12, 
            11, 
            12, 
            11, 
            7, 
            12, 
            10, 
            9, 
            10, 
            8, 
            9, 
            8, 
            7, 
            11, 
            9, 
            9, 
            11, 
            7, 
            9, 
            11, 
            4, 
            9, 
            5, 
            7, 
            8, 
            10, 
            9, 
            7, 
            10, 
            3, 
            11, 
            11, 
            7, 
            11, 
            6, 
            7, 
            7, 
            11, 
            2, 
            8, 
            10, 
            9, 
            1, 
            1, 
            3, 
            5, 
            1, 
            8, 
            1, 
            1, 
            8, 
            4, 
            7, 
            11, 
            8, 
            8, 
            7, 
            10, 
            10, 
            10, 
            9, 
            1, 
            6, 
            11, 
            9, 
            6, 
            4, 
            5, 
            11, 
            8, 
            12, 
            7, 
            10, 
            9, 
            12, 
            11, 
            10, 
            10, 
            6, 
            9, 
            5, 
            9, 
            9, 
            11, 
            9, 
            4, 
            10, 
            11, 
            8, 
            6, 
            9, 
            8, 
            11, 
            7, 
            11, 
            13, 
            13, 
            13, 
            12, 
            11, 
            13, 
            10, 
            11, 
            11, 
            14, 
            12, 
            15, 
            14, 
            13, 
            14, 
            13, 
            11, 
            7, 
            3, 
            9, 
            14, 
            11, 
            13, 
            14, 
            13, 
            11, 
            14, 
            13, 
            12, 
            13, 
            13, 
            14, 
            14, 
            14, 
            10, 
            11, 
            7, 
            11, 
            9, 
            12, 
            13, 
            13, 
            14, 
            12, 
            14, 
            12, 
            11, 
            14, 
            11, 
            6, 
            10, 
            9, 
            1, 
            10, 
            13, 
            13, 
            10, 
            12, 
            10, 
            12, 
            13, 
            11, 
            13, 
            11, 
            10, 
            7, 
            8, 
            9, 
            9, 
            9, 
            10, 
            12, 
            11, 
            12, 
            12, 
            10, 
            10, 
            12, 
            9, 
            12, 
            13, 
            7, 
            11, 
            13, 
            13, 
            10, 
            10, 
            9, 
            5
        ], 
        "n_cats": 20
    }, 
    "empirical_frequencies": false, 
    "datatype": "AA", 
    "subs_model": "JTT", 
    "program": "FastTree Version 2.1.7 SSE3, OpenMP (16 threads)", 
    "ras_model": "Price-CAT"
}