{
    "Price-CAT": {
        "Rates": [
            0.046083, 
            0.063167, 
            0.086585, 
            0.118684, 
            0.162684, 
            0.222994, 
            0.305664, 
            0.418982, 
            0.574309, 
            0.78722, 
            1.079063, 
            1.479099, 
            2.027439, 
            2.779062, 
            3.809332, 
            5.221549, 
            7.15731, 
            9.810709, 
            13.44779, 
            18.433229
        ], 
        "SiteCategories": [
            7, 
            7, 
            9, 
            7, 
            1, 
            8, 
            2, 
            6, 
            1, 
            1, 
            7, 
            8, 
            8, 
            7, 
            6, 
            6, 
            7, 
            8, 
            2, 
            12, 
            13, 
            12, 
            4, 
            10, 
            8, 
            11, 
            6, 
            7, 
            9, 
            6, 
            7, 
            5, 
            9, 
            5, 
            6, 
            9, 
            10, 
            5, 
            11, 
            13, 
            12, 
            12, 
            12, 
            14, 
            6, 
            12, 
            14, 
            12, 
            13, 
            13, 
            14, 
            13, 
            11, 
            13, 
            14, 
            10, 
            11, 
            13, 
            12, 
            9, 
            8, 
            6, 
            7, 
            3, 
            1, 
            8, 
            6, 
            5, 
            10, 
            13, 
            12, 
            11, 
            13, 
            13, 
            10, 
            6, 
            16, 
            11, 
            12, 
            11, 
            10, 
            13, 
            13, 
            9, 
            9, 
            11, 
            1, 
            6, 
            8, 
            1, 
            1, 
            8, 
            8, 
            1, 
            1, 
            10, 
            13, 
            1, 
            8, 
            11, 
            13, 
            5, 
            10, 
            14, 
            9, 
            10, 
            12, 
            13, 
            10, 
            11, 
            15, 
            12, 
            13, 
            14, 
            12, 
            10, 
            3, 
            6, 
            2, 
            12, 
            12, 
            14, 
            12, 
            14, 
            8, 
            10, 
            13, 
            15, 
            8, 
            6, 
            13, 
            12, 
            11, 
            9, 
            10, 
            1, 
            7, 
            11, 
            13, 
            6, 
            14, 
            14, 
            13, 
            4, 
            11, 
            10, 
            13, 
            10, 
            11, 
            10, 
            1, 
            9, 
            11, 
            10, 
            3, 
            13, 
            8, 
            4, 
            11, 
            14, 
            1, 
            4, 
            13, 
            11, 
            8, 
            13, 
            7, 
            8, 
            10, 
            11, 
            10, 
            11, 
            9, 
            1, 
            7, 
            2, 
            10, 
            10, 
            6, 
            12, 
            14, 
            11, 
            9, 
            13, 
            12, 
            7, 
            3, 
            9, 
            1, 
            1, 
            2, 
            5, 
            9, 
            7, 
            7, 
            10, 
            13, 
            10, 
            10, 
            12, 
            14, 
            12, 
            13, 
            9, 
            12, 
            9, 
            12, 
            14, 
            11, 
            10, 
            12
        ], 
        "n_cats": 20
    }, 
    "empirical_frequencies": false, 
    "datatype": "AA", 
    "subs_model": "JTT", 
    "program": "FastTree Version 2.1.7 SSE3, OpenMP (16 threads)", 
    "ras_model": "Price-CAT"
}