{
    "Price-CAT": {
        "Rates": [
            0.046148, 
            0.063256, 
            0.086706, 
            0.11885, 
            0.162911, 
            0.223307, 
            0.306092, 
            0.419568, 
            0.575113, 
            0.788322, 
            1.080574, 
            1.48117, 
            2.030278, 
            2.782954, 
            3.814666, 
            5.22886, 
            7.167332, 
            9.824446, 
            13.466619, 
            18.45904
        ], 
        "SiteCategories": [
            7, 
            7, 
            9, 
            7, 
            2, 
            8, 
            2, 
            5, 
            1, 
            1, 
            7, 
            8, 
            9, 
            7, 
            7, 
            7, 
            7, 
            9, 
            2, 
            12, 
            13, 
            12, 
            5, 
            10, 
            9, 
            11, 
            6, 
            7, 
            9, 
            7, 
            7, 
            5, 
            9, 
            5, 
            6, 
            10, 
            10, 
            5, 
            11, 
            13, 
            13, 
            12, 
            12, 
            14, 
            7, 
            12, 
            14, 
            12, 
            13, 
            13, 
            14, 
            13, 
            11, 
            13, 
            14, 
            10, 
            11, 
            13, 
            12, 
            9, 
            8, 
            6, 
            7, 
            3, 
            2, 
            9, 
            6, 
            6, 
            10, 
            13, 
            12, 
            11, 
            13, 
            13, 
            11, 
            6, 
            15, 
            11, 
            12, 
            11, 
            10, 
            13, 
            13, 
            9, 
            9, 
            11, 
            2, 
            5, 
            8, 
            3, 
            1, 
            8, 
            8, 
            1, 
            1, 
            10, 
            13, 
            4, 
            8, 
            11, 
            13, 
            6, 
            10, 
            14, 
            9, 
            10, 
            12, 
            13, 
            10, 
            11, 
            15, 
            12, 
            13, 
            14, 
            11, 
            9, 
            3, 
            6, 
            2, 
            12, 
            12, 
            14, 
            12, 
            14, 
            9, 
            10, 
            12, 
            14, 
            8, 
            6, 
            13, 
            12, 
            11, 
            9, 
            10, 
            1, 
            7, 
            11, 
            14, 
            7, 
            14, 
            14, 
            13, 
            4, 
            11, 
            10, 
            13, 
            10, 
            11, 
            10, 
            2, 
            9, 
            12, 
            10, 
            4, 
            13, 
            8, 
            4, 
            11, 
            14, 
            1, 
            3, 
            13, 
            11, 
            9, 
            13, 
            7, 
            7, 
            10, 
            11, 
            9, 
            11, 
            9, 
            1, 
            6, 
            2, 
            10, 
            10, 
            6, 
            12, 
            14, 
            11, 
            10, 
            13, 
            12, 
            7, 
            4, 
            9, 
            1, 
            1, 
            2, 
            5, 
            9, 
            8, 
            7, 
            9, 
            13, 
            10, 
            10, 
            12, 
            14, 
            13, 
            13, 
            10, 
            12, 
            9, 
            12, 
            13, 
            11, 
            9, 
            12
        ], 
        "n_cats": 20
    }, 
    "empirical_frequencies": false, 
    "datatype": "AA", 
    "subs_model": "JTT", 
    "program": "FastTree Version 2.1.7 SSE3, OpenMP (16 threads)", 
    "ras_model": "Price-CAT"
}