{
    "Price-CAT": {
        "Rates": [
            0.043674, 
            0.059865, 
            0.082058, 
            0.11248, 
            0.154179, 
            0.211337, 
            0.289685, 
            0.397078, 
            0.544285, 
            0.746066, 
            1.022651, 
            1.401774, 
            1.921448, 
            2.633778, 
            3.610187, 
            4.948575, 
            6.783139, 
            9.297823, 
            12.744764, 
            17.469574
        ], 
        "SiteCategories": [
            1, 
            11, 
            1, 
            1, 
            5, 
            5, 
            11, 
            9, 
            11, 
            10, 
            7, 
            8, 
            12, 
            11, 
            11, 
            7, 
            10, 
            11, 
            13, 
            13, 
            12, 
            6, 
            13, 
            10, 
            11, 
            7, 
            4, 
            1, 
            6, 
            10, 
            11, 
            9, 
            11, 
            11, 
            8, 
            11, 
            7, 
            10, 
            8, 
            11, 
            7, 
            10, 
            15, 
            12, 
            13, 
            11, 
            12, 
            11, 
            7, 
            12, 
            12, 
            10, 
            12, 
            10, 
            9, 
            10, 
            11, 
            11, 
            14, 
            13, 
            13, 
            13, 
            15, 
            14, 
            11, 
            14, 
            10, 
            12, 
            12, 
            13, 
            14, 
            13, 
            13, 
            8, 
            9, 
            9, 
            14, 
            8, 
            12, 
            8, 
            12, 
            10, 
            13, 
            13, 
            14, 
            12, 
            11, 
            12, 
            12, 
            12, 
            11, 
            12, 
            10, 
            10, 
            14, 
            13, 
            7, 
            9, 
            10, 
            12, 
            9, 
            10, 
            13, 
            11, 
            13, 
            11, 
            10, 
            10, 
            10, 
            10, 
            11, 
            13, 
            12, 
            12, 
            1, 
            11, 
            10, 
            12, 
            14, 
            13, 
            14, 
            12, 
            13, 
            14, 
            12, 
            11, 
            13, 
            12, 
            12, 
            12, 
            14, 
            14, 
            14, 
            13, 
            13, 
            12, 
            5, 
            12, 
            13, 
            12, 
            13, 
            11, 
            13, 
            13, 
            13, 
            7, 
            14, 
            13, 
            10, 
            12, 
            14, 
            9, 
            6, 
            8, 
            11, 
            7, 
            12, 
            8, 
            7, 
            1, 
            7, 
            1, 
            9, 
            9, 
            1, 
            10, 
            8, 
            4, 
            3, 
            10, 
            9, 
            7, 
            13, 
            9, 
            8, 
            9, 
            10, 
            10, 
            2, 
            5, 
            7, 
            8, 
            10, 
            7, 
            1, 
            10, 
            9, 
            2, 
            5, 
            8, 
            5, 
            10, 
            8, 
            10, 
            6, 
            9, 
            9, 
            7, 
            10, 
            7, 
            7, 
            10, 
            10, 
            6, 
            9, 
            1, 
            9, 
            10, 
            1, 
            13, 
            13, 
            12, 
            10, 
            4, 
            11, 
            10, 
            8, 
            7, 
            12, 
            11, 
            10, 
            11, 
            10, 
            8, 
            13, 
            13, 
            13, 
            11, 
            10, 
            9, 
            9, 
            12, 
            7, 
            2, 
            9, 
            11, 
            10, 
            6, 
            2, 
            12, 
            9, 
            11, 
            11, 
            9, 
            10, 
            12, 
            10, 
            10, 
            10, 
            1, 
            8, 
            10, 
            3, 
            1, 
            11, 
            12, 
            10, 
            11, 
            12, 
            9, 
            13, 
            10, 
            9
        ], 
        "n_cats": 20
    }, 
    "empirical_frequencies": false, 
    "datatype": "AA", 
    "subs_model": "JTT", 
    "program": "FastTree Version 2.1.7 SSE3, OpenMP (16 threads)", 
    "ras_model": "Price-CAT"
}