{
    "Price-CAT": {
        "Rates": [
            0.042869, 
            0.058761, 
            0.080546, 
            0.110406, 
            0.151336, 
            0.207441, 
            0.284344, 
            0.389758, 
            0.534251, 
            0.732312, 
            1.003798, 
            1.375932, 
            1.886025, 
            2.585223, 
            3.543631, 
            4.857346, 
            6.658088, 
            9.126412, 
            12.509807, 
            17.147512
        ], 
        "SiteCategories": [
            1, 
            11, 
            1, 
            1, 
            5, 
            6, 
            11, 
            9, 
            11, 
            10, 
            7, 
            9, 
            12, 
            11, 
            11, 
            6, 
            11, 
            11, 
            13, 
            13, 
            12, 
            6, 
            13, 
            11, 
            11, 
            7, 
            5, 
            1, 
            6, 
            10, 
            11, 
            9, 
            11, 
            10, 
            8, 
            11, 
            7, 
            10, 
            8, 
            11, 
            7, 
            10, 
            15, 
            12, 
            13, 
            11, 
            12, 
            11, 
            7, 
            13, 
            12, 
            10, 
            12, 
            11, 
            9, 
            10, 
            12, 
            12, 
            13, 
            13, 
            13, 
            12, 
            14, 
            14, 
            11, 
            14, 
            10, 
            13, 
            12, 
            14, 
            14, 
            13, 
            13, 
            9, 
            9, 
            9, 
            14, 
            8, 
            12, 
            8, 
            12, 
            10, 
            13, 
            13, 
            13, 
            12, 
            11, 
            12, 
            12, 
            12, 
            12, 
            12, 
            10, 
            10, 
            14, 
            13, 
            8, 
            9, 
            10, 
            12, 
            9, 
            10, 
            13, 
            11, 
            13, 
            11, 
            10, 
            10, 
            11, 
            11, 
            11, 
            13, 
            12, 
            12, 
            1, 
            11, 
            10, 
            12, 
            14, 
            13, 
            14, 
            12, 
            13, 
            14, 
            13, 
            11, 
            13, 
            12, 
            13, 
            12, 
            14, 
            14, 
            15, 
            13, 
            13, 
            12, 
            5, 
            12, 
            13, 
            12, 
            13, 
            11, 
            14, 
            12, 
            13, 
            7, 
            14, 
            13, 
            10, 
            12, 
            14, 
            9, 
            7, 
            8, 
            11, 
            7, 
            12, 
            7, 
            7, 
            1, 
            7, 
            1, 
            9, 
            9, 
            1, 
            10, 
            8, 
            6, 
            2, 
            10, 
            10, 
            7, 
            13, 
            8, 
            8, 
            9, 
            10, 
            10, 
            2, 
            4, 
            7, 
            8, 
            10, 
            8, 
            1, 
            10, 
            9, 
            2, 
            5, 
            8, 
            5, 
            10, 
            8, 
            10, 
            6, 
            9, 
            9, 
            7, 
            11, 
            7, 
            7, 
            10, 
            10, 
            7, 
            9, 
            1, 
            9, 
            10, 
            1, 
            13, 
            13, 
            12, 
            10, 
            4, 
            11, 
            10, 
            7, 
            7, 
            12, 
            10, 
            10, 
            12, 
            10, 
            9, 
            13, 
            12, 
            13, 
            12, 
            10, 
            9, 
            9, 
            12, 
            7, 
            4, 
            9, 
            12, 
            10, 
            7, 
            3, 
            12, 
            9, 
            12, 
            11, 
            9, 
            10, 
            12, 
            10, 
            10, 
            10, 
            1, 
            8, 
            10, 
            3, 
            1, 
            11, 
            12, 
            9, 
            11, 
            12, 
            9, 
            13, 
            10, 
            9
        ], 
        "n_cats": 20
    }, 
    "empirical_frequencies": false, 
    "datatype": "AA", 
    "subs_model": "JTT", 
    "program": "FastTree Version 2.1.7 SSE3, OpenMP (16 threads)", 
    "ras_model": "Price-CAT"
}