{
    "Price-CAT": {
        "Rates": [
            0.047025, 
            0.064458, 
            0.088354, 
            0.121109, 
            0.166007, 
            0.22755, 
            0.311909, 
            0.427542, 
            0.586042, 
            0.803303, 
            1.101108, 
            1.509318, 
            2.06886, 
            2.83584, 
            3.887158, 
            5.328227, 
            7.303537, 
            10.011146, 
            13.722533, 
            18.809828
        ], 
        "SiteCategories": [
            1, 
            9, 
            8, 
            12, 
            11, 
            11, 
            13, 
            10, 
            15, 
            8, 
            6, 
            1, 
            1, 
            8, 
            1, 
            3, 
            10, 
            13, 
            12, 
            12, 
            11, 
            7, 
            10, 
            7, 
            12, 
            9, 
            10, 
            10, 
            14, 
            11, 
            11, 
            13, 
            8, 
            14, 
            12, 
            3, 
            3, 
            14, 
            10, 
            11, 
            10, 
            11, 
            9, 
            8, 
            13, 
            7, 
            13, 
            7, 
            12, 
            11, 
            13, 
            10, 
            7, 
            9, 
            7, 
            13, 
            9, 
            11, 
            13, 
            5, 
            6, 
            12, 
            6, 
            1, 
            10, 
            14, 
            12, 
            12, 
            14, 
            12, 
            1, 
            16, 
            7, 
            1, 
            9, 
            13, 
            9, 
            12, 
            1, 
            7, 
            13, 
            1, 
            4, 
            9, 
            3, 
            12, 
            11, 
            11, 
            15, 
            13, 
            14, 
            12, 
            8, 
            13, 
            6, 
            6, 
            3, 
            7, 
            6, 
            1, 
            4, 
            7, 
            7, 
            5, 
            1, 
            7, 
            3, 
            14, 
            13, 
            13, 
            12, 
            10, 
            9, 
            6, 
            12, 
            3, 
            7, 
            2, 
            9, 
            6, 
            4, 
            11
        ], 
        "n_cats": 20
    }, 
    "empirical_frequencies": false, 
    "datatype": "AA", 
    "subs_model": "JTT", 
    "program": "FastTree Version 2.1.7 SSE3, OpenMP (16 threads)", 
    "ras_model": "Price-CAT"
}