{
    "Price-CAT": {
        "Rates": [
            0.045898, 
            0.062914, 
            0.086238, 
            0.118208, 
            0.162031, 
            0.222101, 
            0.304439, 
            0.417302, 
            0.572007, 
            0.784064, 
            1.074737, 
            1.47317, 
            2.019312, 
            2.767922, 
            3.794062, 
            5.200617, 
            7.128619, 
            9.771381, 
            13.393883, 
            18.359337
        ], 
        "SiteCategories": [
            1, 
            8, 
            7, 
            13, 
            11, 
            11, 
            13, 
            10, 
            15, 
            8, 
            6, 
            1, 
            1, 
            7, 
            1, 
            3, 
            11, 
            13, 
            12, 
            12, 
            11, 
            6, 
            9, 
            7, 
            11, 
            8, 
            9, 
            10, 
            14, 
            11, 
            11, 
            13, 
            8, 
            14, 
            12, 
            4, 
            2, 
            14, 
            10, 
            10, 
            10, 
            11, 
            10, 
            8, 
            13, 
            8, 
            13, 
            7, 
            12, 
            11, 
            13, 
            10, 
            6, 
            9, 
            7, 
            13, 
            9, 
            11, 
            13, 
            5, 
            6, 
            12, 
            6, 
            1, 
            9, 
            14, 
            12, 
            12, 
            14, 
            11, 
            1, 
            17, 
            6, 
            2, 
            9, 
            13, 
            9, 
            12, 
            1, 
            7, 
            13, 
            1, 
            5, 
            9, 
            3, 
            12, 
            11, 
            11, 
            15, 
            13, 
            15, 
            12, 
            8, 
            13, 
            5, 
            5, 
            4, 
            7, 
            5, 
            1, 
            4, 
            7, 
            7, 
            5, 
            1, 
            8, 
            3, 
            14, 
            13, 
            14, 
            13, 
            9, 
            10, 
            6, 
            12, 
            3, 
            7, 
            1, 
            9, 
            6, 
            4, 
            11
        ], 
        "n_cats": 20
    }, 
    "empirical_frequencies": false, 
    "datatype": "AA", 
    "subs_model": "JTT", 
    "program": "FastTree Version 2.1.7 SSE3, OpenMP (16 threads)", 
    "ras_model": "Price-CAT"
}