{
    "Price-CAT": {
        "Rates": [
            0.04283, 
            0.058708, 
            0.080472, 
            0.110305, 
            0.151198, 
            0.207251, 
            0.284085, 
            0.389402, 
            0.533764, 
            0.731644, 
            1.002882, 
            1.374677, 
            1.884305, 
            2.582865, 
            3.540399, 
            4.852915, 
            6.652015, 
            9.118087, 
            12.498396, 
            17.13187
        ], 
        "SiteCategories": [
            10, 
            11, 
            11, 
            7, 
            5, 
            5, 
            1, 
            10, 
            1, 
            12, 
            1, 
            1, 
            11, 
            10, 
            1, 
            7, 
            13, 
            12, 
            9, 
            11, 
            14, 
            13, 
            9, 
            13, 
            14, 
            14, 
            12, 
            11, 
            14, 
            13, 
            15, 
            11, 
            12, 
            10, 
            11, 
            12, 
            9, 
            11, 
            3, 
            11, 
            1, 
            1, 
            12, 
            10, 
            10, 
            10, 
            11, 
            10, 
            6, 
            10, 
            11, 
            10, 
            8, 
            8, 
            7, 
            5, 
            8, 
            1, 
            6, 
            9, 
            6, 
            7, 
            5, 
            13, 
            8, 
            8, 
            12, 
            14, 
            12, 
            13, 
            9, 
            5, 
            11, 
            4, 
            3, 
            1, 
            1, 
            9, 
            1, 
            1, 
            8, 
            5, 
            9, 
            13, 
            12, 
            11, 
            14, 
            11, 
            8, 
            14, 
            10, 
            11, 
            9, 
            11, 
            9, 
            13, 
            1, 
            10, 
            9, 
            11, 
            10, 
            1, 
            9, 
            10, 
            10, 
            9, 
            11, 
            13, 
            13, 
            14, 
            13, 
            15, 
            13, 
            12, 
            14, 
            14, 
            9, 
            11, 
            15, 
            11, 
            9, 
            12, 
            10, 
            4, 
            4, 
            6, 
            2, 
            9, 
            1, 
            1, 
            11, 
            9, 
            7, 
            11, 
            12, 
            12, 
            14, 
            9, 
            10, 
            10, 
            11, 
            15, 
            11, 
            12, 
            11, 
            9, 
            1, 
            1, 
            2, 
            8, 
            10, 
            5, 
            1, 
            10, 
            13, 
            7, 
            9, 
            13, 
            13, 
            11, 
            13, 
            11, 
            8, 
            7, 
            8, 
            10, 
            6, 
            1, 
            11, 
            4, 
            3, 
            9, 
            13, 
            1, 
            9, 
            12, 
            12, 
            15, 
            14, 
            12, 
            11, 
            12, 
            13, 
            14, 
            11, 
            13, 
            14, 
            14, 
            14, 
            10, 
            10, 
            5, 
            5, 
            9, 
            7, 
            1, 
            3, 
            7, 
            8, 
            8, 
            9, 
            7, 
            12, 
            9, 
            14, 
            13, 
            9, 
            16, 
            14, 
            13, 
            14, 
            15, 
            12, 
            10, 
            1
        ], 
        "n_cats": 20
    }, 
    "empirical_frequencies": false, 
    "datatype": "AA", 
    "subs_model": "JTT", 
    "program": "FastTree Version 2.1.7 SSE3, OpenMP (16 threads)", 
    "ras_model": "Price-CAT"
}