{
    "Price-CAT": {
        "Rates": [
            0.042898, 
            0.058801, 
            0.0806, 
            0.11048, 
            0.151438, 
            0.20758, 
            0.284535, 
            0.390019, 
            0.534609, 
            0.732803, 
            1.004471, 
            1.376854, 
            1.887289, 
            2.586956, 
            3.546007, 
            4.860602, 
            6.662552, 
            9.13253, 
            12.518193, 
            17.159008
        ], 
        "SiteCategories": [
            9, 
            11, 
            11, 
            7, 
            5, 
            5, 
            1, 
            10, 
            1, 
            12, 
            1, 
            1, 
            11, 
            10, 
            1, 
            7, 
            13, 
            13, 
            9, 
            11, 
            14, 
            13, 
            8, 
            13, 
            14, 
            14, 
            12, 
            11, 
            14, 
            14, 
            15, 
            10, 
            12, 
            10, 
            11, 
            12, 
            9, 
            11, 
            3, 
            12, 
            2, 
            1, 
            12, 
            10, 
            10, 
            10, 
            11, 
            10, 
            7, 
            10, 
            11, 
            10, 
            7, 
            7, 
            7, 
            5, 
            8, 
            1, 
            6, 
            9, 
            6, 
            7, 
            4, 
            13, 
            8, 
            9, 
            12, 
            14, 
            12, 
            13, 
            9, 
            6, 
            11, 
            4, 
            4, 
            1, 
            1, 
            9, 
            1, 
            1, 
            8, 
            5, 
            9, 
            13, 
            12, 
            11, 
            14, 
            11, 
            8, 
            14, 
            10, 
            11, 
            9, 
            11, 
            9, 
            13, 
            1, 
            10, 
            9, 
            11, 
            10, 
            1, 
            9, 
            10, 
            9, 
            9, 
            11, 
            13, 
            12, 
            14, 
            13, 
            15, 
            13, 
            12, 
            14, 
            14, 
            9, 
            11, 
            15, 
            11, 
            9, 
            12, 
            9, 
            4, 
            3, 
            6, 
            3, 
            9, 
            1, 
            1, 
            11, 
            9, 
            7, 
            11, 
            12, 
            12, 
            14, 
            9, 
            10, 
            10, 
            11, 
            15, 
            11, 
            12, 
            11, 
            9, 
            1, 
            1, 
            1, 
            8, 
            10, 
            5, 
            1, 
            10, 
            13, 
            7, 
            8, 
            13, 
            13, 
            11, 
            13, 
            11, 
            9, 
            7, 
            8, 
            10, 
            6, 
            1, 
            11, 
            4, 
            3, 
            9, 
            13, 
            1, 
            9, 
            12, 
            12, 
            15, 
            14, 
            12, 
            11, 
            12, 
            13, 
            14, 
            11, 
            13, 
            14, 
            14, 
            14, 
            10, 
            10, 
            5, 
            5, 
            9, 
            7, 
            1, 
            3, 
            7, 
            8, 
            8, 
            9, 
            6, 
            11, 
            9, 
            14, 
            13, 
            9, 
            16, 
            14, 
            13, 
            14, 
            15, 
            12, 
            10, 
            1
        ], 
        "n_cats": 20
    }, 
    "empirical_frequencies": false, 
    "datatype": "AA", 
    "subs_model": "JTT", 
    "program": "FastTree Version 2.1.7 SSE3, OpenMP (16 threads)", 
    "ras_model": "Price-CAT"
}