{
    "Price-CAT": {
        "Rates": [
            0.045424, 
            0.062264, 
            0.085347, 
            0.116987, 
            0.160358, 
            0.219806, 
            0.301294, 
            0.412991, 
            0.566098, 
            0.775965, 
            1.063635, 
            1.457952, 
            1.998452, 
            2.739329, 
            3.754869, 
            5.146894, 
            7.054981, 
            9.670443, 
            13.255524, 
            18.169685
        ], 
        "SiteCategories": [
            1, 
            5, 
            1, 
            1, 
            11, 
            8, 
            11, 
            2, 
            5, 
            6, 
            10, 
            12, 
            13, 
            12, 
            2, 
            13, 
            2, 
            14, 
            11, 
            13, 
            10, 
            1, 
            13, 
            12, 
            14, 
            13, 
            14, 
            14, 
            9, 
            9, 
            12, 
            10, 
            12, 
            11, 
            11, 
            11, 
            12, 
            12, 
            10, 
            13, 
            10, 
            7, 
            10, 
            14, 
            13, 
            11, 
            14, 
            12, 
            16, 
            14, 
            13, 
            12, 
            6, 
            11, 
            15, 
            10, 
            11, 
            7, 
            15, 
            1, 
            1, 
            1, 
            13, 
            10, 
            6, 
            1, 
            7, 
            8, 
            1, 
            10, 
            7, 
            8, 
            6, 
            10, 
            9, 
            5, 
            4, 
            6, 
            12, 
            14, 
            13, 
            10, 
            13, 
            14, 
            12, 
            8, 
            15, 
            14, 
            6, 
            8, 
            13, 
            11, 
            7, 
            12, 
            8, 
            6, 
            1, 
            1, 
            11, 
            1, 
            11, 
            7, 
            1, 
            4, 
            4, 
            1, 
            10, 
            4, 
            10, 
            10, 
            8, 
            1, 
            1, 
            8, 
            9, 
            9, 
            1, 
            9, 
            1, 
            1, 
            1
        ], 
        "n_cats": 20
    }, 
    "empirical_frequencies": false, 
    "datatype": "AA", 
    "subs_model": "JTT", 
    "program": "FastTree Version 2.1.7 SSE3, OpenMP (16 threads)", 
    "ras_model": "Price-CAT"
}