{
    "Price-CAT": {
        "Rates": [
            0.045976, 
            0.06302, 
            0.086383, 
            0.118407, 
            0.162304, 
            0.222474, 
            0.304951, 
            0.418005, 
            0.57297, 
            0.785384, 
            1.076546, 
            1.47565, 
            2.022711, 
            2.772581, 
            3.800448, 
            5.209372, 
            7.140619, 
            9.787829, 
            13.41643, 
            18.390242
        ], 
        "SiteCategories": [
            1, 
            5, 
            1, 
            1, 
            11, 
            8, 
            11, 
            2, 
            6, 
            6, 
            9, 
            12, 
            13, 
            12, 
            4, 
            13, 
            4, 
            14, 
            11, 
            13, 
            11, 
            1, 
            13, 
            11, 
            14, 
            13, 
            14, 
            14, 
            9, 
            9, 
            12, 
            10, 
            13, 
            11, 
            11, 
            11, 
            12, 
            12, 
            10, 
            13, 
            10, 
            7, 
            10, 
            14, 
            13, 
            10, 
            14, 
            12, 
            16, 
            14, 
            13, 
            12, 
            7, 
            11, 
            14, 
            10, 
            11, 
            8, 
            15, 
            1, 
            2, 
            1, 
            13, 
            10, 
            7, 
            1, 
            7, 
            9, 
            1, 
            10, 
            8, 
            8, 
            6, 
            9, 
            9, 
            6, 
            5, 
            6, 
            12, 
            14, 
            13, 
            10, 
            13, 
            13, 
            12, 
            8, 
            15, 
            14, 
            6, 
            8, 
            13, 
            11, 
            8, 
            12, 
            8, 
            6, 
            2, 
            1, 
            11, 
            1, 
            11, 
            7, 
            1, 
            4, 
            4, 
            1, 
            10, 
            3, 
            10, 
            9, 
            8, 
            1, 
            1, 
            8, 
            9, 
            9, 
            1, 
            8, 
            2, 
            1, 
            1
        ], 
        "n_cats": 20
    }, 
    "empirical_frequencies": false, 
    "datatype": "AA", 
    "subs_model": "JTT", 
    "program": "FastTree Version 2.1.7 SSE3, OpenMP (16 threads)", 
    "ras_model": "Price-CAT"
}