{
    "Price-CAT": {
        "Rates": [
            0.04315, 
            0.059146, 
            0.081073, 
            0.111129, 
            0.152328, 
            0.2088, 
            0.286207, 
            0.392312, 
            0.537752, 
            0.73711, 
            1.010376, 
            1.384948, 
            1.898384, 
            2.602163, 
            3.566852, 
            4.889175, 
            6.701718, 
            9.186217, 
            12.591783, 
            17.259878
        ], 
        "SiteCategories": [
            8, 
            8, 
            11, 
            13, 
            12, 
            9, 
            13, 
            10, 
            7, 
            8, 
            13, 
            8, 
            10, 
            7, 
            11, 
            12, 
            12, 
            13, 
            9, 
            10, 
            13, 
            13, 
            11, 
            9, 
            1, 
            7, 
            10, 
            7, 
            11, 
            7, 
            5, 
            10, 
            12, 
            9, 
            9, 
            9, 
            8, 
            2, 
            11, 
            8, 
            8, 
            7, 
            14, 
            14, 
            11, 
            14, 
            3, 
            12, 
            11, 
            11, 
            8, 
            6, 
            8, 
            13, 
            11, 
            13, 
            13, 
            13, 
            13, 
            14, 
            14, 
            13, 
            15, 
            14, 
            14, 
            14, 
            12, 
            12, 
            8, 
            13, 
            12, 
            10, 
            6, 
            13, 
            13, 
            8, 
            2, 
            13, 
            13, 
            11, 
            6, 
            12, 
            10, 
            6, 
            14, 
            12, 
            11, 
            9, 
            11, 
            14, 
            14, 
            7, 
            7, 
            6, 
            1, 
            3, 
            9, 
            8, 
            10, 
            12, 
            9, 
            5, 
            4, 
            6, 
            9, 
            9, 
            7, 
            8, 
            3, 
            11, 
            8, 
            5, 
            4, 
            9, 
            11, 
            1, 
            6, 
            13, 
            6
        ], 
        "n_cats": 20
    }, 
    "empirical_frequencies": false, 
    "datatype": "AA", 
    "subs_model": "JTT", 
    "program": "FastTree Version 2.1.7 SSE3, OpenMP (16 threads)", 
    "ras_model": "Price-CAT"
}