{
    "Price-CAT": {
        "Rates": [
            0.04375, 
            0.059969, 
            0.082202, 
            0.112676, 
            0.154448, 
            0.211705, 
            0.29019, 
            0.397771, 
            0.545234, 
            0.747367, 
            1.024435, 
            1.404219, 
            1.924799, 
            2.638371, 
            3.616483, 
            4.957206, 
            6.794969, 
            9.314038, 
            12.766991, 
            17.50004
        ], 
        "SiteCategories": [
            8, 
            8, 
            11, 
            13, 
            12, 
            10, 
            13, 
            10, 
            6, 
            8, 
            13, 
            8, 
            10, 
            8, 
            10, 
            12, 
            12, 
            13, 
            10, 
            10, 
            13, 
            13, 
            11, 
            10, 
            1, 
            7, 
            10, 
            7, 
            11, 
            7, 
            5, 
            10, 
            11, 
            9, 
            8, 
            9, 
            8, 
            2, 
            12, 
            8, 
            8, 
            7, 
            14, 
            13, 
            11, 
            14, 
            3, 
            12, 
            10, 
            11, 
            7, 
            5, 
            8, 
            12, 
            11, 
            12, 
            14, 
            13, 
            13, 
            14, 
            14, 
            13, 
            15, 
            14, 
            14, 
            14, 
            11, 
            12, 
            9, 
            13, 
            13, 
            10, 
            6, 
            13, 
            13, 
            8, 
            2, 
            13, 
            13, 
            11, 
            6, 
            12, 
            10, 
            6, 
            14, 
            12, 
            11, 
            9, 
            11, 
            14, 
            14, 
            7, 
            7, 
            5, 
            1, 
            1, 
            9, 
            8, 
            10, 
            12, 
            8, 
            5, 
            4, 
            6, 
            9, 
            9, 
            7, 
            8, 
            2, 
            11, 
            8, 
            4, 
            3, 
            9, 
            10, 
            1, 
            5, 
            13, 
            6
        ], 
        "n_cats": 20
    }, 
    "empirical_frequencies": false, 
    "datatype": "AA", 
    "subs_model": "JTT", 
    "program": "FastTree Version 2.1.7 SSE3, OpenMP (16 threads)", 
    "ras_model": "Price-CAT"
}