{
    "Price-CAT": {
        "Rates": [
            0.046452, 
            0.063673, 
            0.087278, 
            0.119634, 
            0.163986, 
            0.22478, 
            0.308111, 
            0.422336, 
            0.578906, 
            0.793522, 
            1.087701, 
            1.490939, 
            2.043668, 
            2.801308, 
            3.839825, 
            5.263347, 
            7.214604, 
            9.889243, 
            13.555439, 
            18.580786
        ], 
        "SiteCategories": [
            1, 
            1, 
            10, 
            10, 
            2, 
            3, 
            12, 
            11, 
            14, 
            13, 
            7, 
            17, 
            17, 
            16, 
            17, 
            17, 
            13, 
            13, 
            13, 
            12, 
            12, 
            7, 
            10, 
            15, 
            15, 
            12, 
            4, 
            8, 
            11, 
            6, 
            4, 
            4, 
            5, 
            9, 
            8, 
            1, 
            11, 
            3, 
            10, 
            4, 
            4, 
            9, 
            1, 
            1, 
            1, 
            1, 
            4, 
            10, 
            1, 
            1, 
            9, 
            6, 
            7, 
            6, 
            8, 
            6, 
            10, 
            8, 
            13, 
            15, 
            5, 
            8, 
            10, 
            10, 
            1, 
            5, 
            8, 
            6, 
            10, 
            6, 
            4, 
            7, 
            6, 
            3, 
            1, 
            1, 
            3, 
            8, 
            4, 
            11, 
            11, 
            7, 
            4, 
            3, 
            5, 
            7, 
            9, 
            1, 
            6, 
            4, 
            2, 
            4, 
            6, 
            7, 
            8, 
            10, 
            13, 
            6, 
            1, 
            12, 
            8, 
            1, 
            11, 
            12, 
            9, 
            5, 
            15, 
            15, 
            1, 
            15, 
            12, 
            14, 
            5, 
            3, 
            11, 
            2, 
            6, 
            13, 
            5, 
            13, 
            12, 
            5
        ], 
        "n_cats": 20
    }, 
    "empirical_frequencies": false, 
    "datatype": "AA", 
    "subs_model": "JTT", 
    "program": "FastTree Version 2.1.7 SSE3, OpenMP (16 threads)", 
    "ras_model": "Price-CAT"
}