{
    "Price-CAT": {
        "Rates": [
            0.04608, 
            0.063162, 
            0.086578, 
            0.118675, 
            0.162671, 
            0.222977, 
            0.305641, 
            0.418949, 
            0.574265, 
            0.787159, 
            1.078979, 
            1.478984, 
            2.027282, 
            2.778847, 
            3.809037, 
            5.221144, 
            7.156756, 
            9.809949, 
            13.446749, 
            18.431803
        ], 
        "SiteCategories": [
            1, 
            1, 
            9, 
            10, 
            1, 
            4, 
            12, 
            11, 
            14, 
            13, 
            8, 
            17, 
            17, 
            16, 
            17, 
            17, 
            13, 
            13, 
            13, 
            12, 
            12, 
            9, 
            11, 
            15, 
            15, 
            12, 
            5, 
            8, 
            11, 
            7, 
            3, 
            4, 
            5, 
            10, 
            9, 
            1, 
            11, 
            4, 
            11, 
            4, 
            4, 
            8, 
            1, 
            1, 
            1, 
            1, 
            2, 
            9, 
            1, 
            1, 
            9, 
            6, 
            6, 
            6, 
            8, 
            5, 
            10, 
            8, 
            13, 
            15, 
            6, 
            8, 
            10, 
            10, 
            1, 
            5, 
            8, 
            5, 
            10, 
            7, 
            4, 
            8, 
            6, 
            4, 
            2, 
            2, 
            2, 
            9, 
            4, 
            11, 
            11, 
            7, 
            4, 
            3, 
            5, 
            7, 
            9, 
            1, 
            6, 
            6, 
            3, 
            5, 
            5, 
            7, 
            8, 
            10, 
            13, 
            6, 
            2, 
            12, 
            9, 
            1, 
            11, 
            12, 
            9, 
            6, 
            15, 
            15, 
            1, 
            15, 
            12, 
            14, 
            5, 
            4, 
            11, 
            2, 
            6, 
            12, 
            6, 
            13, 
            12, 
            5
        ], 
        "n_cats": 20
    }, 
    "empirical_frequencies": false, 
    "datatype": "AA", 
    "subs_model": "JTT", 
    "program": "FastTree Version 2.1.7 SSE3, OpenMP (16 threads)", 
    "ras_model": "Price-CAT"
}