{
    "Price-CAT": {
        "Rates": [
            0.041764, 
            0.057248, 
            0.078471, 
            0.107562, 
            0.147438, 
            0.202097, 
            0.277019, 
            0.379717, 
            0.520488, 
            0.713446, 
            0.977939, 
            1.340486, 
            1.837439, 
            2.518624, 
            3.452343, 
            4.732214, 
            6.486568, 
            8.891305, 
            12.187539, 
            16.705772
        ], 
        "SiteCategories": [
            8, 
            1, 
            9, 
            1, 
            1, 
            5, 
            1, 
            1, 
            1, 
            6, 
            8, 
            5, 
            1, 
            6, 
            5, 
            8, 
            7, 
            7, 
            6, 
            6, 
            10, 
            9, 
            11, 
            14, 
            14, 
            13, 
            14, 
            12, 
            14, 
            11, 
            13, 
            12, 
            14, 
            11, 
            9, 
            10, 
            1, 
            1, 
            1, 
            11, 
            8, 
            10, 
            12, 
            13, 
            12, 
            1, 
            12, 
            14, 
            9, 
            11, 
            14, 
            14, 
            7, 
            13, 
            14, 
            11, 
            13, 
            12, 
            14, 
            13, 
            10, 
            13, 
            12, 
            13, 
            11, 
            11, 
            10, 
            12, 
            10, 
            11, 
            12, 
            14, 
            11, 
            7, 
            6, 
            13, 
            11, 
            6, 
            6, 
            8, 
            11, 
            6, 
            8, 
            10, 
            11, 
            7, 
            6, 
            12, 
            11, 
            8, 
            11, 
            14, 
            13, 
            10, 
            14, 
            14, 
            15, 
            11, 
            13, 
            13, 
            10, 
            10, 
            9, 
            3, 
            6, 
            9, 
            11, 
            12, 
            12, 
            14, 
            13, 
            13, 
            15, 
            13, 
            13, 
            12, 
            13, 
            11, 
            12, 
            11, 
            12, 
            12, 
            13, 
            10, 
            12, 
            9, 
            11, 
            9, 
            9, 
            4, 
            1, 
            11, 
            12, 
            9, 
            12, 
            9, 
            3, 
            6, 
            5, 
            1, 
            1, 
            6, 
            10, 
            1, 
            1, 
            6, 
            11, 
            1, 
            2, 
            12, 
            8, 
            14, 
            13, 
            12, 
            11, 
            14, 
            14, 
            12, 
            8, 
            13, 
            8, 
            12, 
            8, 
            12, 
            12, 
            5, 
            7, 
            3, 
            7, 
            10, 
            5, 
            11, 
            13, 
            5, 
            11, 
            13, 
            9, 
            9, 
            13, 
            14, 
            13, 
            7, 
            12, 
            11, 
            13, 
            13, 
            9, 
            12, 
            13, 
            11, 
            4, 
            1, 
            12, 
            8, 
            6, 
            11, 
            6, 
            2
        ], 
        "n_cats": 20
    }, 
    "empirical_frequencies": false, 
    "datatype": "AA", 
    "subs_model": "JTT", 
    "program": "FastTree Version 2.1.7 SSE3, OpenMP (16 threads)", 
    "ras_model": "Price-CAT"
}