{
    "Price-CAT": {
        "Rates": [
            0.041795, 
            0.057289, 
            0.078527, 
            0.107639, 
            0.147544, 
            0.202243, 
            0.277219, 
            0.379991, 
            0.520864, 
            0.713962, 
            0.978645, 
            1.341454, 
            1.838766, 
            2.520443, 
            3.454836, 
            4.735632, 
            6.491252, 
            8.897726, 
            12.196342, 
            16.717836
        ], 
        "SiteCategories": [
            8, 
            1, 
            9, 
            1, 
            1, 
            5, 
            1, 
            2, 
            1, 
            6, 
            8, 
            5, 
            1, 
            6, 
            5, 
            8, 
            6, 
            7, 
            6, 
            6, 
            10, 
            9, 
            11, 
            14, 
            14, 
            13, 
            13, 
            12, 
            14, 
            11, 
            13, 
            12, 
            14, 
            11, 
            8, 
            10, 
            1, 
            1, 
            1, 
            11, 
            8, 
            10, 
            12, 
            13, 
            12, 
            1, 
            12, 
            14, 
            9, 
            11, 
            14, 
            14, 
            7, 
            13, 
            14, 
            11, 
            13, 
            12, 
            14, 
            13, 
            10, 
            13, 
            12, 
            13, 
            11, 
            11, 
            10, 
            12, 
            10, 
            11, 
            11, 
            14, 
            11, 
            6, 
            6, 
            13, 
            11, 
            6, 
            6, 
            9, 
            11, 
            7, 
            8, 
            10, 
            11, 
            7, 
            6, 
            12, 
            11, 
            8, 
            11, 
            14, 
            13, 
            10, 
            14, 
            15, 
            15, 
            11, 
            13, 
            13, 
            10, 
            10, 
            9, 
            2, 
            6, 
            9, 
            11, 
            12, 
            12, 
            14, 
            13, 
            13, 
            15, 
            13, 
            13, 
            11, 
            13, 
            11, 
            12, 
            11, 
            12, 
            12, 
            13, 
            10, 
            12, 
            9, 
            11, 
            9, 
            9, 
            4, 
            1, 
            11, 
            12, 
            9, 
            12, 
            9, 
            3, 
            6, 
            5, 
            1, 
            1, 
            6, 
            10, 
            1, 
            1, 
            7, 
            11, 
            1, 
            2, 
            12, 
            8, 
            14, 
            13, 
            12, 
            11, 
            14, 
            14, 
            12, 
            8, 
            13, 
            8, 
            11, 
            8, 
            11, 
            13, 
            5, 
            7, 
            3, 
            6, 
            10, 
            5, 
            12, 
            13, 
            5, 
            10, 
            13, 
            9, 
            9, 
            13, 
            14, 
            13, 
            7, 
            12, 
            11, 
            13, 
            14, 
            8, 
            12, 
            13, 
            11, 
            4, 
            1, 
            12, 
            8, 
            6, 
            11, 
            6, 
            2
        ], 
        "n_cats": 20
    }, 
    "empirical_frequencies": false, 
    "datatype": "AA", 
    "subs_model": "JTT", 
    "program": "FastTree Version 2.1.7 SSE3, OpenMP (16 threads)", 
    "ras_model": "Price-CAT"
}