{
    "Price-CAT": {
        "Rates": [
            0.051741, 
            0.070923, 
            0.097216, 
            0.133256, 
            0.182657, 
            0.250373, 
            0.343192, 
            0.470423, 
            0.64482, 
            0.883872, 
            1.211546, 
            1.660697, 
            2.27636, 
            3.120264, 
            4.277026, 
            5.862629, 
            8.036057, 
            11.015228, 
            15.098856, 
            20.696388
        ], 
        "SiteCategories": [
            8, 
            11, 
            14, 
            12, 
            13, 
            12, 
            11, 
            13, 
            9, 
            12, 
            13, 
            10, 
            11, 
            12, 
            13, 
            9, 
            8, 
            13, 
            12, 
            10, 
            13, 
            12, 
            14, 
            12, 
            14, 
            15, 
            12, 
            14, 
            12, 
            12, 
            13, 
            14, 
            12, 
            6, 
            13, 
            14, 
            5, 
            9, 
            13, 
            7, 
            5, 
            14, 
            7, 
            8, 
            13, 
            13, 
            15, 
            11, 
            13, 
            13, 
            14, 
            12, 
            13, 
            14, 
            5, 
            7, 
            11, 
            10, 
            13, 
            8, 
            7, 
            9, 
            12, 
            11, 
            6, 
            10, 
            8, 
            9, 
            6, 
            5, 
            5, 
            11, 
            9, 
            8, 
            11, 
            8, 
            13, 
            13, 
            7, 
            12, 
            5, 
            9, 
            14, 
            13, 
            10, 
            7, 
            12, 
            5, 
            5, 
            9, 
            5, 
            11, 
            10, 
            4, 
            4, 
            11, 
            4, 
            10, 
            5, 
            5, 
            13, 
            12, 
            5, 
            9, 
            4, 
            8, 
            6, 
            4, 
            11, 
            9, 
            6, 
            10, 
            11, 
            7, 
            11, 
            8, 
            5, 
            14, 
            9, 
            9, 
            10, 
            10, 
            5, 
            7, 
            7, 
            9, 
            6, 
            7, 
            5, 
            6, 
            6, 
            4, 
            6, 
            6, 
            12, 
            6, 
            8, 
            9, 
            11, 
            10, 
            4, 
            5, 
            8, 
            9, 
            10, 
            6, 
            10, 
            4, 
            7, 
            6, 
            5, 
            5, 
            7, 
            6, 
            7, 
            5, 
            8, 
            10, 
            6, 
            14, 
            9, 
            11, 
            13, 
            5, 
            10, 
            9, 
            8, 
            8, 
            11, 
            8, 
            7, 
            6, 
            10, 
            10, 
            12, 
            11, 
            9, 
            8, 
            11, 
            11, 
            8, 
            14, 
            11, 
            13, 
            12, 
            11, 
            10, 
            10, 
            10, 
            8, 
            13, 
            6, 
            10, 
            12, 
            13, 
            8, 
            4, 
            13, 
            14, 
            11, 
            9, 
            13, 
            10, 
            10, 
            6, 
            11, 
            12, 
            12, 
            13, 
            7, 
            11, 
            11, 
            6, 
            11, 
            6, 
            8, 
            12, 
            6, 
            11, 
            6, 
            11, 
            9, 
            5, 
            6, 
            12, 
            9, 
            9, 
            10, 
            5, 
            9, 
            9, 
            4, 
            4, 
            5, 
            10, 
            10, 
            4, 
            7, 
            9, 
            5, 
            11, 
            8, 
            6, 
            11, 
            9, 
            10, 
            5, 
            6, 
            5, 
            7, 
            7, 
            9, 
            9, 
            6, 
            7, 
            8, 
            13, 
            9, 
            9, 
            5, 
            4, 
            6, 
            11, 
            8, 
            12, 
            13, 
            7, 
            12, 
            13, 
            13, 
            10, 
            7, 
            10, 
            7, 
            5, 
            8, 
            5, 
            9, 
            12, 
            4, 
            7, 
            8, 
            6, 
            6, 
            12, 
            13, 
            8, 
            6, 
            13, 
            12, 
            12, 
            5, 
            11, 
            12, 
            5, 
            11, 
            12, 
            6, 
            13, 
            12, 
            13, 
            6, 
            5, 
            11, 
            14, 
            12, 
            12, 
            7, 
            10, 
            9, 
            9, 
            12, 
            12, 
            10, 
            11, 
            11, 
            10, 
            11, 
            7, 
            9, 
            9, 
            8, 
            8, 
            6, 
            9, 
            6, 
            6, 
            5, 
            6, 
            6, 
            6, 
            6, 
            7, 
            6, 
            8, 
            8, 
            8, 
            9, 
            8, 
            11, 
            9, 
            7, 
            9, 
            11, 
            10, 
            9, 
            8, 
            9, 
            11, 
            14, 
            10, 
            11, 
            12, 
            13, 
            10, 
            10, 
            12, 
            12, 
            13, 
            10, 
            12, 
            13, 
            13, 
            14, 
            14, 
            12, 
            13, 
            12, 
            13, 
            12, 
            12, 
            12, 
            12, 
            10, 
            11, 
            10, 
            12, 
            11, 
            11, 
            9, 
            10, 
            10, 
            11, 
            9, 
            13, 
            10, 
            5, 
            10, 
            7, 
            8, 
            12, 
            13, 
            5, 
            10, 
            12, 
            11, 
            5, 
            10, 
            7, 
            7, 
            6, 
            6, 
            5, 
            6, 
            6, 
            9, 
            12, 
            9, 
            13, 
            9, 
            8, 
            9, 
            12, 
            8, 
            13, 
            12, 
            12, 
            12, 
            13, 
            10, 
            5, 
            11, 
            10, 
            9, 
            8, 
            10, 
            8, 
            10, 
            9, 
            13, 
            9, 
            8, 
            10, 
            9, 
            10, 
            12, 
            13, 
            6, 
            5, 
            9, 
            13, 
            10, 
            9, 
            5, 
            8, 
            6, 
            8, 
            10, 
            7, 
            11, 
            8, 
            8, 
